id,title,firstname,lastname,image
"1","mr","Kaya","Aksit","https://randomuser.me/api/portraits/men/53.jpg"
"2","mr","Malthe","Larsen","https://randomuser.me/api/portraits/men/59.jpg"
"3","mr","Igor","Almeida","https://randomuser.me/api/portraits/men/79.jpg"
"4","mr","Reinald","Karsten","https://randomuser.me/api/portraits/men/12.jpg"
"5","mr","Christopher","Anderson","https://randomuser.me/api/portraits/men/33.jpg"
"6","ms","Madeleine","Brown","https://randomuser.me/api/portraits/women/65.jpg"
"7","mr","Akseli","Ruona","https://randomuser.me/api/portraits/men/90.jpg"
"8","ms","Jennifer","West","https://randomuser.me/api/portraits/women/53.jpg"
"9","mrs","Carlucia","Das neves","https://randomuser.me/api/portraits/women/52.jpg"
"10","mrs","Silviane","Peixoto","https://randomuser.me/api/portraits/women/76.jpg"
